Ticker,Company Name,Market Cap,Currency,Exchange,Price,Active,Description,Homepage URL,Employees,Revenue,Revenue (USD),Working Capital Ratio,Quick Ratio,EPS,P/E Ratio,D/E Ratio,ROE
MC.PA,"LVMH Moët Hennessy - Louis Vuitton, Société Européenne",321785675432,EUR,EURONEXT,643.9,true,"LVMH Moët Hennessy - Louis Vuitton, Société Européenne operates as a luxury goods company worldwide. The company offers champagnes, wines, and spirits under the Clos des Lambrays, Château d'Yquem, Dom Pérignon, Ruinart, Moët & Chandon, Hennessy, Veuve Clicquot, Ardbeg, Château Cheval Blanc, Glenmorangie, Krug, Mercier, Chandon, Cape Mentelle, Newton Vineyard, Cloudy Bay, Belvedere, Terrazas de los Andes, Bodega Numanthia, Cheval des Andes, Woodinville, Ao Yun, Clos19, and Volcan de mi Tierra brands. It also provides fashion and leather products under the Berluti, Celine, Christian Dior, Emilio Pucci, FENDI, Givenchy, Kenzo, Loewe, Loro Piana, Louis Vuitton, Marc Jacobs, Moynat, Patou, and RIMOWA brands. In addition, the company offers perfumes and cosmetics under the Acqua di Parma, Benefit Cosmetics, Cha Ling, Fenty Beauty by Rihanna, Fresh, Givenchy Parfums, Guerlain, KVD Beauty, Kenzo Parfums, Maison Francis Kurkdjian, Make Up For Ever, Marc Jacobs Beauty, Officine Universelle Buly, Parfums Christian Dior, and Perfumes Loewe brands; watches and jewelry under the Bulgari, Chaumet, Fred, Hublot, Repossi, TAG Heuer, Tiffany & Co., and Zenith brands; and custom-designed yachts under the Feadship brand name, as well as designs and builds luxury yachts under the Royal Van Lent brand. Further, it provides daily newspapers under the Les Échos brand; Belmond, a luxury tourism service; home other activities under the Belmond, Cheval Blanc, Connaissance des Arts, Cova, Investir, Jardin d'Acclimatation, La Samaritaine, Le Parisien, and Radio Classique brands; and selective retailing products under the DFS, La Grande Epicerie de Paris, Le Bon Marché Rive Gauche, Sephora, and Starboard Cruise Services brands, as well as operates Jardin d'Acclimatation, a leisure and amusement park. The company operates 5,556 stores. LVMH Moët Hennessy - Louis Vuitton, Société Européenne was incorporated in 1923 and is headquartered in Paris, France.",https://www.lvmh.com,192287,86153000000,93045240000,,,,,,
ITX.MC,"Industria de Diseño Textil, S.A.",158540477439,EUR,BME,50.9,true,"Industria de Diseño Textil, S.A. engages in the retail and online distribution of clothing, footwear, accessories, and household textile products through various retail concepts. The company sells its products under the Zara, Pull & Bear, Massimo Dutti, Bershka, Stradivarius, Oysho, and Zara Home brands. It is also involved in the textile manufacturing, logistics, design, insurance, construction, and real estate businesses, as well as provides financial services. The company operates in Spain, rest of Europe, the Americas, and internationally. Industria de Diseño Textil, S.A. was founded in 1963 and is headquartered in A Coruña, Spain.",https://www.inditex.com,153541,35947000000,38822760000,,,,,,
CDI.PA,Christian Dior SE,108968282656,EUR,EURONEXT,604.0,true,"Christian Dior SE, through its subsidiaries, engages in the production, distribution, and retail of fashion and leather goods, wines and spirits, perfumes and cosmetics, and watches and jewelry worldwide. The company offers its fashion and leather goods under the Louis Vuitton, Christian Dior Couture, Loewe, Marc Jacobs, Celine, Kenzo, Givenchy, Pink Shirtmaker, Emilio Pucci, Berluti, Loro Piana, Rimowa brand names; wines and spirits under the Hennessy, Glenmorangie, Ardbeg, a Belvedere, Volcán de mi Tierra, Moët & Chandon, Dom Pérignon, Veuve Clicquot, Krug, Château d'Yquem, Ruinart, Belvedere, Glenmorangie, Newton Vineyards, Bodega Numanthia, and Château d'Esclans brand names; and perfumes and cosmetics under the Parfums Christian Dior, Guerlain, Parfums Givenchy, Make Up For Ever, Benefit Cosmetics, Fresh, Acqua di Parma, KVD Vegan Beauty, Fenty, Ole Henriksen, and Maison Francis Kurkdjian brand names. It also provides watches and jewelry under the Tiffany, Bvlgari, TAG Heuer, Zenith, Hublot, Chaumet, and Fred brand names. In addition, the company operates retail stores under the DFS Galleria, Sephora, Le Bon Marché, and Ile de Beauté names; publishes Le Parisien- Aujourd'hui en France, a daily newspaper; designs and builds yachts; and operates the Cova pastry shops. Further, it is involved in real estate activities under the La Samaritaine brand name; and hotel business. The company sells its products through store network, including e-commerce websites; and agents and distributors. As of December 31, 2021, it operated 5,556 stores. The company was incorporated in 1946 and is headquartered in Paris, France. Christian Dior SE was formerly a subsidiary of Semyrhamis SA.",https://www.dior-finance.com,164431,86153000000,93045240000,,,,,,
KER.PA,Kering SA,27986647030,EUR,EURONEXT,228.3,true,"Kering SA develops, designs, manufactures, markets, and sells apparel and accessories. The company offers shoes; leather goods, including handbags and wallets, purses, and other leather products; eyewear, textile accessories, etc.; and jewelry and watches, as well as ready-to-wear products for men and women. It also provides perfumes and cosmetics. The company provides Gucci, Saint Laurent, Bottega Veneta, Alexander McQueen, Balenciaga, Brioni, Boucheron, Pomellato, DoDo, Qeelin, Girard-Perregaux, Ulysse Nardin, and Kering Eyewear branded products. It sells its products through stores and e-commerce sites. As of December 31, 2021, it operated 1,565 stores. Kering SA sells its products in the Asia-Pacific, Western Europe, North America, Japan, and internationally. The company was formerly known as PPR SA and changed its name to Kering SA in June 2013. Kering SA was founded in 1963 and is based in Paris, France.",https://www.kering.com,46444,19566000000,21131280000,,,,,,
RMS.PA,Hermès International Société en commandite par actions,248419896824,EUR,EURONEXT,2372.0,true,"Hermès International Société en commandite par actions engages in the production, wholesale, and retail of various goods. The company offers leather goods and saddlery, such as bags for men and women, clutches, briefcases, luggage, small leather goods, diaries and writing objects, saddles, bridles, and a range of equestrian products and clothing; ready-to-wear garments for men and women; and accessories, including jewelry, belts, hats, gloves, the Internet of Things products, and shoes. It also provides silk and textiles for men and women; art of living and tableware products; perfumes; and watches. In addition, the company is also involved in weaving, engraving, printing, dyeing, finishing, and producing textiles; and purchasing, tanning, dyeing, finishing, and selling precious leathers. It sells its products through a network of 303 stores worldwide. The company also sells watches, perfumes, and tableware through a network of specialized stores. Hermès International Société en commandite par actions was founded in 1837 and is based in Paris, France. Hermès International Société en commandite par actions operates as a subsidiary of H51 SAS.",https://finance.hermes.com,23242,13427000000,14501160000.000002,,,,,,
CFR.SW,Compagnie Financière Richemont SA,80899516246,CHF,SIX,139.75,true,"Compagnie Financière Richemont SA engages in the luxury goods business in Europe, the Middle East, Africa, Asia, and the Americas. The company operates through Jewellery Maisons, Specialist Watchmakers, and Online Distributors segments. It designs, manufactures, and distributes jewelry products; and precision timepieces, watches, and writing instruments, as well as clothing, and leather goods and accessories. The company offers its products under the Cartier, Van Cleef & Arpels, Buccellati, A. Lange & Söhne, Baume & Mercier, IWC Schaffhausen, Jaeger LeCoultre, Panerai, Piaget, Roger Dubuis, Vacheron Constantin, Watchfinder & Co., YOOX, NET-A-PORTER, MR PORTER, The Outnet, Alaïa, Chloé, Montblanc, Peter Millar, Purdey, Serapian, TIMEVALLEE, dunhill, Delvaux, and AZ Factory brands through own boutiques and online stores. Compagnie Financière Richemont SA was incorporated in 1979 and is headquartered in Bellevue, Switzerland.",https://www.richemont.com,37117,20616000000,23502239999.999996,,,,,,
ADS.DE,adidas AG,43851655030,EUR,XETRA,245.6,true,"adidas AG, together with its subsidiaries, designs, develops, distributes, and markets athletic and sports lifestyle products worldwide. It offers footwear; apparel; and accessories and gear, such as bags and balls under the adidas brand. It sells its products through approximately 2,200 own-retail stores; mono-branded franchise stores and shop-in-shops; and wholesale and its e-commerce channels. The company was formerly known as adidas-Salomon AG and changed its name to adidas AG in June 2006. adidas AG was founded in 1920 and is headquartered in Herzogenaurach, Germany.",https://www.adidas-group.com,51561,21427000000,23141160000,,,,,,
9983.T,"Fast Retailing Co., Ltd.",15981113309900,JPY,JPX,52100.0,true,"Fast Retailing Co., Ltd., through its subsidiaries, operates as an apparel designer and retailer in Japan and internationally. The company operates through four segments: UNIQLO Japan, UNIQLO International, GU, and Global Brands. It manufactures and retails clothing for men, women, children, and babies; and lingerie, as well as other goods and items. The company operates stores and franchises under the UNIQLO, GU, PLST, Theory, COMPTOIR DES COTONNIERS, J Brand, and PRINCESSE TAM.TAM brand names. It also sells its products through online; and provides real estate leasing services. The company was formerly known as Ogori Shoji Co., Ltd. and changed its name to Fast Retailing Co., Ltd. in September 1991. Fast Retailing Co., Ltd. was founded in 1949 and is headquartered in Yamaguchi, Japan.",https://www.fastretailing.com,59871,3103836000000,21106084800,,,,,,
EL.PA,EssilorLuxottica SA,107513388632,EUR,EURONEXT,235.9,true,"EssilorLuxottica Société anonyme designs, manufactures, and distributes ophthalmic lenses, frames, and sunglasses in North America, Europe, Latin America, Asia, Oceania, and Africa. It operates in five segments: Wholesale, Retail, Lenses and Optical Instruments, Equipment, and Sunglasses and Readers. The Wholesale segment engages in the manufacture and wholesale distribution of luxury and sports eyewear. The Retail segment retails luxury and sports eyewear. The Lenses and Optical Instruments segment offers lenses and small equipment, including Varilux progressive lenses; Crizal antireflective, anti-smudge, and antistatic lenses; Transitions photochromic lenses; Eyezen lenses for users of computers, tablets, smartphones, and other connected devices; Xperio polarized sun lenses; and Nikon and Kodak corrective lens brands. It also provides lens edging and mounting instruments for opticians and prescription laboratories; optometry instruments for eye care professionals, schools, occupational medicine centers, military, and other institutions; and Transitions Signature Gen 8 photochromic lens, as well as develops solutions for online sales of optical products. The Equipment segment offers digital surfacing machines and lens coating machines to prescription laboratories, integrated optical chains, and lens manufacturers. The Sunglasses and Readers segment provides non-prescription sunglasses and reading glasses under the Foster Grant, Gargoyles, Magnivision, Corinne McCormack, Monkey Monkey, Ryders Eyewear, and SolarShield brands; Reebok, Steve Madden, Betsey Johnson, Nine West, Dockers, French Connection, Ironman, Rawlings, Bodyglove, Panama Jack, Marvel, and Disney; Bolon, Molsion, Qina, and Prosun brands; and Mujosh and Aojo brands. It has a network of 490 prescription laboratories and edging-mounting facilities. The company was formerly known as Essilor International Société Anonyme and changed its name to EssilorLuxottica Société anonyme in October 2018. EssilorLuxottica Société anonyme was founded in 1849 and is headquartered in Paris, France.",https://www.essilorluxottica.com,193693,25395000000,27426600000,,,,,,
HM-B.ST,H & M Hennes & Mauritz AB (publ),238981289016,SEK,STO,146.05,true,"H & M Hennes & Mauritz AB (publ) provides clothing, accessories, footwear, cosmetics, home textiles, and homeware for women, men, teenagers, children, and babies worldwide. It offers sportswear, shoes, bags, beauty products, and ready-to-wear; and interior products, including bed linens, dinnerware, textiles, furniture, and lighting. The company provides its products under the H&M, H&M HOME, COS, & Other Stories, Monki, Weekday, ARKET, Afound, Singular Society, Treadler, Creator Studio, and Sellpy brands. As of November 30, 2021, the company had 54 online markets and approximately 4,801 stores in 75 markets, including franchise markets. H & M Hennes & Mauritz AB (publ) was founded in 1947 and is headquartered in Stockholm, Sweden.",https://www.hmgroup.com,143000,236035000000,22659360000,,,,,,
UHR.SW,The Swatch Group AG,8046972630,CHF,SIX,157.6,true,"The Swatch Group AG designs, manufactures, and sells finished watches, jewelry, and watch movements and components worldwide. It operates through Watches & Jewelry and Electronic Systems segments. The Watches & Jewelry segment designs, produces, and commercializes watches and jewelry. The Electronic Systems segment is involved in the design, production, and commercialization of electronic components, as well as sports timing activities. It is also involved in the provision of assembly, research and development, administration, watch case polishing, logistics and distribution, and customer services; and hard material products, microelectronics, watch cases and crowns, miniature low-frequency quartz crystals, thin wires, miniature batteries, watch dials and bracelets, watch hands, sports timing technology and equipment, precision parts, and assembly electronic components. In addition, the company engages in retail, communication, real estate project and property management, finance, reinsurance, and art center businesses. It offers its watch and jewelry products primarily under the Breguet, Harry Winston, Blancpain, Glashütte Original, Jaquet Droz, Léon Hatot, Omega, Longines, Rado, Union Glashütte, Tissot, Balmain, Certina, Mido, Hamilton, Calvin Klein, Swatch, and Flik Flak brands. The Swatch Group AG was founded in 1983 and is headquartered in Biel/Bienne, Switzerland.",https://www.swatchgroup.com,33353,7888000000,8992320000,,,,,,
ZAL.DE,Zalando SE,7924107229,EUR,XETRA,30.4,true,"Zalando SE operates an online platform for fashion and lifestyle products. It provides clothing, footwear, accessories, and beauty products with free delivery and returns. The company also sells its products through its Zalando Lounge; and brick-and-mortar outlet stores in Berlin, Frankfurt, Cologne, Leipzig, Hamburg, Hanover, Münster, Stuttgart, Mannheim, and Ulm. It serves customers in 23 countries, including Austria, Belgium, Croatia, Czechia, Denmark, Estonia, Finland, France, Germany, Ireland, Italy, Latvia, Lithuania, Luxembourg, the Netherlands, Norway, Poland, Slovakia, Slovenia, Spain, Sweden, Switzerland, and the United Kingdom. The company was founded in 2008 and is headquartered in Berlin, Germany.",https://corporate.zalando.de,15206,10143100000,10954548000,,,,,,
1929.HK,Chow Tai Fook Jewellery Group Limited,66518348400,HKD,HKSE,6.66,true,"Chow Tai Fook Jewellery Group Limited, an investment holding company, manufactures and sells jewelry products. The company offers gem-set, platinum and k-gold jewelry, and k-gold jewelry and products under the CHOW TAI FOOK, HEARTS ON FIRE, T MARK, ENZO, MONOLOGUE, and SOINLOVE brands. It also distributes watches of various brands. In addition, the company is involved in the trading of diamonds; and the provision of services to franchisees. The company also sells its products through online platforms. As of March 31, 2022, it had 5,902 points of sale in Mainland China, Hong Kong, Macau, Taiwan, Cambodia, Korea, Japan, Malaysia, the Philippines, Singapore, Thailand, the United States, and Vietnam. The company was founded in 1929 and is headquartered in Central, Hong Kong. Chow Tai Fook Jewellery Group Limited is a subsidiary of Chow Tai Fook Capital Limited.",https://www.ctfjewellerygroup.com,28200,108713000000,13915264000,,,,,,
1913.HK,Prada S.p.A.,154808610000,HKD,HKSE,60.5,true,"Prada S.p.A., together with its subsidiaries, designs, produces, and distributes leather goods, handbags, footwear, apparel, and accessories in Europe, the Americas, the Asia Pacific, Japan, the Middle East, and Africa. It offers its products under the Prada, Miu Miu, Church's, and Car Shoe brands. The company also provides eyewear and fragrances under licensing agreements, as well as operates in the food sector under the Marchesi 1824 brand. As of December 31, 2021, it had 635 directly operated stores. The company also sells its products through a network of approximately 26 franchise operated stores; multi-brand stores; luxury department stores; independent retailers; and online retailers. In addition, it engages in the event management and real estate business, as well as operates duty-free stores. The company was founded in 1913 and is headquartered in Milan, Italy. Prada S.p.A. is a subsidiary of Prada Holding S.p.A.",https://www.pradagroup.com,14876,4726411000,604980608,,,,,,
BRBY.L,Burberry Group plc,3379224216,GBp,LSE,947.4,true,"Burberry Group plc, together with its subsidiaries, manufactures, retails, and wholesales luxury goods under the Burberry brand. The company operates in two segments, Retail/Wholesale and Licensing. It provides womenswear, menswear, childrenswear, beauty, eyewear, shoes, and accessories, as well as leather goods, such as bags. The company also licenses third parties to manufacture and distribute products using the Burberry trademarks. Burberry Group plc sells its products through Burberry mainline stores, concessions, outlets, digital commerce, Burberry franchisees, department stores, and multi-brand specialty accounts, as well as through Burberry.com website. As of April 2, 2022, the company operated 218 stores, 143 concession stores, 57 outlets, and 38 franchise stores. It operates in the Asia Pacific, Europe, the Middle East, India, Africa, and the Americas. Burberry Group plc was founded in 1856 and is headquartered in London, the United Kingdom.",https://www.burberryplc.com,9336,2968000000,37100000,,,,,,
NXT.L,NEXT plc,11225142494,GBp,LSE,9512.0,true,"NEXT plc engages in the retail of clothing, footwear, and home products in the United Kingdom, rest of Europe, the Middle East, Asia, and internationally. The company operates through NEXT Retail, NEXT Online, NEXT Finance, NEXT International Retail, NEXT Sourcing, Lipsy, NENA, and Property Management segments. It operates retail stores; an online retail platform; and 199 franchise stores in 35 countries. The company also offers consumer credit; NEXT branded products; and women's, men's, children's, homeware, and beauty products under the LABEL and Lipsy's own brand, and other third-party brands. In addition, it provides property management services, including holding and lease of properties. The company was formerly known as J Hepworth & Son and changed its name to NEXT plc in 1986. NEXT plc was founded in 1864 and is headquartered in Enderby, the United Kingdom.",https://www.nextplc.co.uk,31947,5491000000,68637500,,,,,,
MONC.MI,Moncler S.p.A.,14266374153,EUR,MIL,52.72,true,"Moncler S.p.A., together with its subsidiaries, designs, produces, and distributes clothing and related accessories for men, women, and children under the Moncler and Stone Island brand names. Its product portfolio includes footwear products; leather goods, such as bags, backpacks, and accessories; and sunglasses, eyeglasses, frames, and men's and women's ski goggles under the Moncler Lunettes brand. The company also offers perfume for men and women. As of December 31, 2021, it operated 237 retail directly operated stores and 64 wholesale shop-in-shops. The company also sells its products through moncler.com, an online store. It serves in Italy, other European countries, Japan, the rest of Asia, and the Americas. The company was formerly known as Moncler S.r.l. and changed its name to Moncler S.p.A. in October 2013. Moncler S.p.A. was founded in 1952 and is headquartered in Milan, Italy.",https://www.monclergroup.com,7316,2984217000,3222954360,,,,,,
ASC.L,ASOS Plc,478648080,GBp,LSE,401.6,true,"ASOS Plc operates as an online fashion retailer worldwide. It offers womenswear and menswear products. The company sells its products under the ASOS Design, ASOS Edition, ASOS 4505, Collusion, Reclaimed Vintage, Topshop, Topman, Miss Selfridge and HIIT brands, as well as through third-party brands. It is also involved in the employer of marketing staff and payment processing businesses. The company was founded in 2000 and is headquartered in London, the United Kingdom.",https://www.asosplc.com,3042,2896000000,36200000,,,,,,
LREN3.SA,Lojas Renner S.A.,13588381303,BRL,SAO,12.92,true,"Lojas Renner S.A., together with its subsidiaries, operates as a fashion and lifestyle company in Brazil, Uruguay, and Argentina. The company operates in Retail and Financial Products segments. It engages in the trade of clothes and sports products, shoes, accessories, perfumery, domestic appliances, towels and linen, furniture, and decoration articles. The company owns and operates Renner stores, including 392 units in Brazil, 8 units in Brazil, and 4 in Argentina; 119 Camicado stores; 104 Youcom stores; and 114 Ashua stores. It also engages in the granting of withdrawals, and financing of purchases and insurance, as well as provides personal loans. The company was incorporated in 1965 and is headquartered in Porto Alegre, Brazil.",https://www.lojasrenner.com.br,24364,13647849000,2770513347,,,,,,
PUM.DE,PUMA SE,6439474917,EUR,XETRA,43.48,true,"PUMA SE, together with its subsidiaries, designs, develops, sells, and markets footwear, apparel, and accessories for men, women, and kids in Europe, the Middle East, Africa, the Americas, Greater China, and the Asia Pacific. The company offers performance and sport-inspired lifestyle products in categories, such as football, cricket, handball, rugby, volleyball, running, training and fitness, golf, and motorsports. It also issues licenses to independent partners to design, develop, manufacture, and sell watches, glasses, safety shoes, and gaming accessories, such as the Playseat. The company sells its products through PUMA retail stores and factory outlets, as well as through online stores. It offers its products primarily under the PUMA and Cobra Golf brand names. The company was founded in 1924 and is headquartered in Herzogenaurach, Germany.",https://www.puma.com,21000,8601700000,9289836000,,,,,,
MKS.L,Marks and Spencer Group plc,7063800090,GBp,LSE,349.7503,true,"Marks and Spencer Group plc operates various retail stores. It operates through five segments: UK Clothing & Home, UK Food, International, Ocado, and All Other. The company offers protein deli and dairy; produce; ambient and in-store bakery; meals dessert and frozen; and hospitality and Food on the Move' products. The company also provides womenswear, menswear, lingerie, kids wear, and home products; financial services, including credit cards, payment solutions, insurances, savings, and loans; and renewable energy services. In addition, it invests in and develops real estate properties; operates international franchises; and provides its products online. The company also exports its products. It operates 1,487 stores in worldwide. The company was founded in 1884 and is headquartered in London, the United Kingdom.",https://corporate.marksandspencer.com,64000,13040100000,163001250,,,,,,
BOSS.DE,Hugo Boss AG,3002203265,EUR,XETRA,43.5,true,"Hugo Boss AG, together with its subsidiaries, develops, markets, and distributes clothes, shoes, and accessories for men and women worldwide. It offers business, casual, athleisure, and evening wear; shoes and accessories; and licensed products, including fragrances, eyewear, and watches, as well as children's fashion products. The company markets and sells its products under the BOSS and HUGO brand names through online stores, freestanding stores, shop-in-shops, and factory outlets. As of December 31, 2021, it operated 1,228 retail points of sale. The company was founded in 1924 and is headquartered in Metzingen, Germany.",https://www.hugoboss.com,18209,4197459000,4533255720,,,,,,
GIL.TO,Gildan Activewear Inc.,10426573440,CAD,TSX,67.52,true,"Gildan Activewear Inc. manufactures and sells various apparel products in the United States, North America, Europe, Asia-Pacific, and Latin America. It provides various activewear products, including T-shirts, fleece tops and bottoms, and sports shirts under the Gildan, Gildan Performance, Gildan Hammer, Comfort Colors, American Apparel, Alstyle, and GoldToe brands. The company also offers hosiery products comprising athletic; dress; and casual, liner, therapeutic, and workwear socks, as well as sheer pantyhose, tights, and leggings under the Gildan, Under Armour, GoldToe, PowerSox, Signature Gold by Goldtoe, Peds, MediPeds, Therapy Plus, All Pro, Secret, Silks, Secret Silky, and American Apparel brands. In addition, it provides men's and boys' underwear products, and ladies panties under the Gildan and Gildan Platinum brands; and ladies' shapewear, intimates, and accessories under the Secret and Secret Silky brands. The company sells its products to wholesale distributors, screen printers, and embellishers, as well as to retailers and lifestyle brand companies. The company was formerly known as Textiles Gildan Inc. and changed its name to Gildan Activewear Inc. in March 1995. Gildan Activewear Inc. was founded in 1946 and is headquartered in Montreal, Canada.",https://gildancorp.com,49000,3195911000,2355386407,,,,,,
JD.L,JD Sports Fashion plc,5100914667,GBp,LSE,98.4136,true,"JD Sports Fashion plc engages in the retail of branded sports fashion and outdoor clothing, footwear, accessories, and equipment for kids, women, and men. It operates through Sports Fashion and Outdoor segments. The company also retails leisure goods, sports goods, fishing gear, watches, jewellery, camping goods, boats, and bicycles, as well as distributes sports apparel and accessories, footwear, and apparel. It offers its products under the JD, Size?, Footpatrol, Finish Line, Shoe Palace, DTLR, Livestock, Sprinter, Sport Zone, Sizeer, JD Gyms, Tessuti, Scotts, Go Outdoors, Blacks, Millets, Tiso, Ultimate Outdoors, Fishing Republic, and Naylors brands. The company also operates online business. In addition, it licenses fashion brands and operates fitness centers; operates as online own label women's fashion retailer; and manufactures and distributes professional fitness equipment. The company operates 3,402 stores. It has operations in the United Kingdom, Australia, Austria, Belgium, Bulgaria, Canada, Cyprus, the Czech Republic, Denmark, Dubai, Estonia, Finland, France, Germany, Greece, Hong Kong, Hungary, India, Indonesia, Israel, Italy, Latvia, Lithuania, Malaysia, the Netherlands, New Zealand, Poland, Portugal, Republic of Ireland, Romania, Singapore, Slovakia, South Korea, Spain and the Canary Islands, Sweden, Thailand, and the United States. The company was founded in 1981 and is headquartered in Bury, the United Kingdom. JD Sports Fashion plc is a subsidiary of Pentland Group Limited.",https://www.jdplc.com,79717,10542000000,131775000,,,,,,
SFER.MI,Salvatore Ferragamo S.p.A.,1126601546,EUR,MIL,6.8,true,"Salvatore Ferragamo S.p.A., through its subsidiaries, creates, produces, and sells luxury goods for men and women in Italy, rest of Europe, North America, Japan, the Asia Pacific, and Central and South America. The company offers men's and women's footwear; leather goods, such as handbags, suitcases, belts, wallets, and other men's and women's leather accessories; and knitwear, clothes for formal occasions, sportswear, and leisure wear, as well as outerwear, such as husky jackets, ponchos, and leather garments. It also provides silk accessories, including ties, foulards, scarves, etc.; home accessories comprising plaid throws, cushions, and beach towels; costume jewelry; and other accessories consisting of shawls and gloves. In addition, the company develops and distributes perfumes and fragrances. Further, it offers men's and women's sunglasses and prescription glasses; jewelry products; and watches. Additionally, the company is also involved in the real estate management business. Salvatore Ferragamo S.p.A. was formerly known as Salvatore Ferragamo Italia S.p.A. and changed its name to Salvatore Ferragamo S.p.A. in April 2011. The company was founded in 1927 and is headquartered in Florence, Italy. Salvatore Ferragamo S.p.A. is a subsidiary of Ferragamo Finanziaria S.p.A.",https://group.ferragamo.com,3644,1156271000,1248772680,,,,,,
002563.SZ,"Zhejiang Semir Garment Co., Ltd.",19337058935,CNY,SHZ,6.99,true,"Zhejiang Semir Garment Co., Ltd. produces and sells casual wear and children's wear in China. The company offers clothing, shoes, hats, etc., as well as knitwear and home textiles products. It offers its products under the Semir, Balabala, Marcolor, Mini Barra, Kidiliz, and other brands. The company offers its products through stores and online. Zhejiang Semir Garment Co., Ltd. was founded in 1996 and is based in Shanghai, China.",https://www.semir.com,3097,13660527097,1898813266.4830003,,,,,,
7936.T,ASICS Corporation,2327575351656,JPY,JPX,3252.0,true,"ASICS Corporation manufactures and sells sports goods in Japan, the Americas, Europe, Oceania, Southeast and South Asia, and internationally. It offers sports shoes, apparel, and equipment. The company sells its products under the ASICS, ASICSTIGER, and Onitsuka Tiger brands through 989 retail stores, as well as through online. ASICS Corporation was founded in 1949 and is headquartered in Kobe, Japan.",https://corp.asics.com/jp,8927,570463000000,3879148400,,,,,,
600612.SS,"Lao Feng Xiang Co., Ltd.",21878942395,CNY,SHH,50.45,true,"Lao Feng Xiang Co., Ltd. operates in the jewelry industry in the People's Republic of China and internationally. It designs, produces, and sells gold, silver, platinum, diamonds, jade, pearls, gold inlays, colored gemstones, enamel, red coral, and other jewelry, as well as K gold glasses, and craft travel souvenirs. The company was formerly known as China First Pencil Co., Ltd. and changed its name to Lao Feng Xiang Co., Ltd. in July 2009. Lao Feng Xiang Co., Ltd. was founded in 1848 and is based in Shanghai, the People's Republic of China.",https://www.laofengxiang.com,2347,71435641416,9929554156.824001,,,,,,
BOO.L,boohoo group plc,409547525,GBp,LSE,31.8236,true,"boohoo group plc, through its subsidiaries, operates as an online clothing retailer in the United Kingdom, rest of Europe, the United States, and internationally. The company designs, sources, markets, and sells clothing, shoes, accessories, and beauty products for 16-to-45-year age customers. It provides its products under the boohoo, boohooMAN, PrettyLittleThing, Nasty Gal, MissPap, Karen Millen, Coast, Oasis, Warehouse, Dorothy Perkins, Wallis, Burton, and Debenhams brands. boohoo group plc was founded in 2006 and is headquartered in Manchester, the United Kingdom.",https://www.boohooplc.com,5079,1461000000,18262500,,,,,,
FRAS.L,Frasers Group plc,2466781510,GBp,LSE,575.0,true,"Frasers Group plc, together with its subsidiaries, retails sports and leisure clothing, footwear, equipment, and apparel through department stores, shops, and online in the United Kingdom and internationally. The company operates through five segments: UK Sports Retail, Premium Lifestyle, European Retail, Rest of World Retail, and Wholesale & Licensing. It is also involved in the wholesale distribution and sale of sports and leisure clothing, footwear, equipment, and apparel; and licensing activities. The company offers its products under its own and third party brands, which include Slazenger, Everlast, Lonsdale, Karrimor, 18montrose, Evans Cycles, Flannels, Frasers, Game, House of Fraser, Jack Wills, Sofa.com, Sports Direct, USC, Flannels, Cruise, van mildert, House of Fraser, Sofa.com, and Jack Wills. As of April 25, 2021, it operated 806 sports retail stores in the United Kingdom; 486 sports retail stores in Europe; 33 stores in Malaysia; 44 stores in the United States; and 179 Premium Lifestyle stores. The company was formerly known as Sports Direct International plc and changed its name to Frasers Group plc in December 2019. Frasers Group plc was founded in 1982 and is headquartered in Shirebrook, the United Kingdom. Frasers Group plc operates as a subsidiary of MASH Holdings Limited.",https://www.frasers.group,32000,5537700000,69221250,,,,,,
GRND3.SA,Grendene S.A.,4700253600,BRL,SAO,5.21,true,"Grendene S.A. develops, manufactures, distributes, and sells footwear for women, men, and children primarily in Brazil. The company sells its products under the Melissa, Rider, Grendha, Ipanema, Ilhabela, Zaxy, Cartago, Pega Forte, Grendene Kids, and Zizou brands. It also licenses the use of names and brands of Brazilian and international celebrities, and children's-market characters in the children's media. In addition, the company operates one Melissa showroom in Milan; a network of approximately 336 Clube Melissa franchised stores in Brazil; and four concept stores, including three Galeria Melissa stores in São Paulo, New York, and London, as well as a Casa Ipanema store in Rio de Janeiro. It sells its products through commercial representatives and distributors. The company also exports its products. Grendene S.A. was founded in 1971 and is headquartered in Sobral, Brazil.",https://www.grendene.com.br,16374,2433607000,494022221.00000006,,,,,,
TOD.MI,TOD'S S.p.A.,1421696760,EUR,MIL,42.96,false,"TOD'S S.p.A., together with its subsidiaries, creates, produces, and distributes shoes, leather goods and accessories, and apparel in Italy, rest of Europe, the Americas, Greater China, and internationally. The company distributes its products through directly operated single-brand stores (DOS), online, franchised stores, and independent multi-brand stores under the TOD'S, HOGAN, FAY, and ROGER VIVIER brands. As of March 10, 2022, it operated through a distribution network of 318 DOS and 88 franchised stores. The company was founded in 1970 and is headquartered in Sant'Elpidio a Mare, Italy. TOD'S S.p.A. is a subsidiary of DI.VI. FINANZIARIA DI DIEGO DELLA VALLE & C. S.r.l.",https://www.todsgroup.com,4911,1126689000,1216824120,,,,,,
ALPA4.SA,Alpargatas S.A.,4407265871,BRL,SAO,6.43,true,"Alpargatas S.A. engages in the manufacture and sale of footwear, clothing, and accessories. It offers sandals under the Havaianas and Dupé brands; clothes under the Osklen brand; and footwear, clothing, and accessories under the Mizuno brand. The company was formerly known as São Paulo Alpargatas S.A. and changed its name to Alpargatas S.A. in 2010. Alpargatas S.A. was founded in 1907 and is headquartered in Sao Paulo, Brazil.",https://www.alpargatas.com.br,,3734146000,758031638,,,,,,
BC.MI,Brunello Cucinelli S.p.A.,7481597775,EUR,MIL,110.1,true,"Brunello Cucinelli S.p.A., together with its subsidiaries, engages in the production and sale of clothing, accessories, and lifestyle products in Italy, Europe, North America, Japan, and China. The company offers women's collection, including coats and jackets, dresses, knitwear, t-shirts and tops, shirts, skirts, pants, denim, travel wear, sneakers, high-boots, loafers and flat shoes, sandals, leather goods, jewelry, scarves, other accessories, mini bags and clutches, crossbody bags and backpacks, and handbags and shoppers. It also provides men's collection, such as coats and jackets, knitwear, blazers and waistcoats, suits, tuxedos, t-shirts and polos, shirts, pants, denims, travel wear, sneakers, lace-ups, loafers, boots, leather goods, bags, scarves, and other accessories; and kids collections. In addition, the company offers lifestyle products, which include throw and blanket, cushion, studio products, candle and fragrance, bathrobe and towel, gardening products, travel essential, leisure bag, leisure wear, kitchen and table ware, table linen, and ceramic creation products, China, and internationally. As of December 31, 2021, it managed and operated 114 directly operated stores; and 30 wholesale monobrand boutiques. The company was founded in 1978 and is headquartered in Solomeo, Italy. Brunello Cucinelli S.p.A. is a subsidiary of Fedone S.r.l.",https://www.brunellocucinelli.com,3021,1139420000,1230573600,,,,,,
2331.HK,Li Ning Company Limited,40063125560,HKD,HKSE,15.56,true,"Li Ning Company Limited engages in the research and development, design, manufacture, marketing, distribution, and retail of sporting goods in the People's Republic of China. The company offers sporting goods, including footwear, apparel, equipment, and accessories for professional and leisure purposes primarily under the LI-NING brand. It also develops, manufactures, markets, distributes, and/or sells outdoor sports products under the AIGLE brand; table tennis under the Double Happiness brand name; fashionable fitness products for dance and yoga under the Danskin brand; and badminton under the Kason brand name. As of December 31, 2021, the company operated 7,137 conventional stores, flagship stores, China LI-NING stores, factory outlets, and multi-brand stores under the LI-NING brand. Li Ning Company Limited was founded in 1990 and is headquartered in Beijing, the People's Republic of China.",https://www.lining.com,5003,27598491000,3532606848,,,,,,
SDRY.L,Superdry plc,3270419,GBp,LSE,3.295,false,"Superdry plc engages in the design, production, and sale of clothing and accessories primarily under the Superdry brand for men and women in the United Kingdom, the Republic of Ireland, Europe, and internationally. It operates through Retail and Wholesale segments. The company offers clothing, accessories, and footwear. It operates owned and ecommerce, multi-brand independents and distributors, franchise, and license stores. The company operates through 231 owned, 475 franchised and licensed, and 27 Superdry branded licensed stores; and 21 international websites. The company was formerly known as SuperGroup Plc and changed its name to Superdry plc in January 2018. Superdry plc was founded in 1985 and is based in Cheltenham, the United Kingdom.",https://corporate.superdry.com,3350,622500000,7781250,,,,,,
ABFRL.NS,Aditya Birla Fashion and Retail Limited,294996944463,INR,NSE,276.55,true,"Aditya Birla Fashion and Retail Limited designs, manufactures, distributes, and retails fashion apparel and accessories in India and internationally. It operates in two segments, Madura Fashion & Lifestyle, and Pantaloons. The company offers shirts, trousers, denims, t-shirts, dresses, suits and blazers, casuals, ceremonial, and party wear; shorts, joggers, track pants, sweatshirts, jackets, loungewear, biker t-shirts, polos, chinos, kurtas and bottom wear, occasion wear, festive ensembles, streetwear, classic shirts, logo T-shirts, casual pants, lehengas and kurta sets, ethnic bottom wear, athleisure wear, workwear, tops, sleepwear, crops tops, skirts, jeans, sportswear; accessories; and shawls, stoles, shoes, and lingerie, as well as home furnishings, footwear, handbags, bed linen, towels, smart table linen, dressy cushion covers, and others. It markets its products primarily under the Louis Philippe, Van Heusen, Allen Solly, and Peter England brands, as well as operates fashion store under the Pantaloons brand. The company also holds online and offline rights to the India network of California-based fashion brand Forever 21; and international brands portfolio, such as The Collective, Simon Carter, American Eagle, Ralph Lauren, Hackett London, Ted Baker, and Fred Perry. It operates 3091 brand stores and 377 Pantaloons stores, as well as 28,585 multi-brand outlets in approximately 900 cities in India. The company was formerly known as Pantaloons Fashion & Retail Limited and changed its name to Aditya Birla Fashion and Retail Limited in January 2016. Aditya Birla Fashion and Retail Limited was incorporated in 2007 and is based in Mumbai, India.",https://www.abfrl.com,26965,139302800000,139302800000,,,,,,
ARVIND.NS,Arvind Limited,104157486802,INR,NSE,397.9,true,"Arvind Limited, together with its subsidiaries, manufactures, markets, retails, supplies, and exports textiles in India and internationally. It operates through Textiles, Advanced Material, and Others segments. The company offers denim fabrics, shirting fabrics, woven and knitted fabrics, and voiles and garments products. It also provides a range of specialized clothing and accessories for factory workers, fire-fighters, construction crew, soldiers, and healthcare and security personnel; hot-gas and liquid filtration products; automotive interiors and seating solutions; and composites and coated fabrics. In addition, the company offers water, industrial waste water, and sewage treatment solutions for industries, as well as zero liquid discharge solutions. Further, it is involved in the e-commerce, agriculture produce, engineering, telecommunication, technical textiles, and other businesses, as well as provision of EPABX and one to many radio solutions; and building residential, commercial, and industrial spaces. Arvind Limited was incorporated in 1931 and is headquartered in Ahmedabad, India.",https://www.arvind.com,24599,74722200000,74722200000,,,,,,
8016.T,"Onward Holdings Co., Ltd.",81716921790,JPY,JPX,602.0,true,"Onward Holdings Co., Ltd., through its subsidiaries, designs, manufactures, and sells men's, women's, and children's apparel, accessories, and other products in Japan, Europe, Asia, and the United States. The company operates through Apparel Business and Lifestyle Business segments. It offers uniforms, jewelry, accessories, health-related and cosmetic products, gift items, gift catalogs, and sales promotion goods; pet supplies, and other product lines; stage, theater, and ballet supplies; inner wear and related products; and sports shoes, leather goods, dance supplies, and luxury and fashion products. The company also engages in the planning, designing, and constructing of commercial, cultural, and environmental facilities; promotion of art and culture; planning and production of advertising and promotional materials; management, purchase, sale, and rental of real estate; import, export, and sale of cosmetic products; retail and wholesale of clothing products and bags; operation of stores; and operation and management of Lakeland Country Club and Talofofo Golf Club, as well as hotels and resort facilities. In addition, it is involved in the provision of management consultation, and property and life insurance agency services; and apparel sales, restaurant management, digital marketing, and IT solutions businesses. The company offers its products primarily under the GRACE CONTINENTAL, JIL SANDER, JOSEPH, J. PRESS, Nijyusanku, ICB, KASHIYAMA, Jiyuku, and other brands. It provides its products through department stores, as well as through e-commerce stores. The company was formerly known as Onward Kashiyama Co., Ltd. and changed its name to Onward Holdings Co., Ltd. in 2007. Onward Holdings Co., Ltd. was founded in 1927 and is headquartered in Tokyo, Japan.",https://www.onward-hd.co.jp,5750,189629000000,1289477200,,,,,,
7606.T,United Arrows Ltd.,73328059136,JPY,JPX,2656.0,true,"United Arrows Ltd. plans, buys, and retails men's and women's clothing and accessories, and miscellaneous items in Japan. It operates multi-brand shops under the UNITED ARROWS, District UNITED ARROWS, LOEFF, AEWEN MATOPH, BLAMINK, BEAUTY&YOUTH UNITED ARROWS, monkey time BEAUTY&YOUTH UNITED ARROWS, 6(ROKU), H BEAUTY&YOUTH, STEVEN ALAN, UNITED ARROWS green label relaxing, Odette e Odile, DRAWER, ASTRAET, UNITED ARROWS LTD.OUTLET, California General Store, UNITED ARROWS & SONS, and CITEN brands, as well as online store under the UNITED ARROWS ONLINE brand name. The company also sells its products under the coen and CHROME HEARTS brands. United Arrows Ltd. was incorporated in 1975 and is headquartered in Tokyo, Japan.",https://www.united-arrows.co.jp,3980,134269000000,913029200,,,,,,
002269.SZ,"Shanghai Metersbonwe Fashion and Accessories Co., Ltd.",6105375000,CNY,SHZ,2.43,true,"Shanghai Metersbonwe Fashion and Accessories Co., Ltd. researches, designs, develops, produces, and distributes casual wear products in the People's Republic of China. The company is also involved in the franchisee distribution activity. It offers its products under the Metersbonwe, ME&CITY, MooMmoo, Me&City Kids, and CH'IN brand names. The company was founded in 1933 and is based in Shanghai, the People's Republic of China.",https://www.metersbonwe.com,992,1355728301,188446233.83900002,,,,,,
SOMA3.SA,Grupo de Moda SOMA S.A.,4614312360,BRL,SAO,5.88,false,"Grupo de Moda SOMA S.A. manufactures and sells clothing products in Brazil. The company operates 786 stores, as well as an e-commerce site. It offers clothing under brand names Animale, Farm, Fabula, A.Brand, Foxton, Cris Barros, and Off Premium brands. Grupo de Moda SOMA S.A. was founded in 2010 and is based in Rio de Janeiro, Brazil.",https://www.somagrupo.com.br,4578,5360547000,1088191041,,,,,,
3998.HK,Bosideng International Holdings Limited,42604760000,HKD,HKSE,3.7,true,"Bosideng International Holdings Limited researches, designs, develops, manufactures, markets, and distributes branded down apparel products, original equipment manufacturing (OEM) products, and non-down apparel products in the People's Republic of China. The company operates through four segments: Down Apparels, OEM Management, Ladieswear Apparels, and Diversified Apparels. It engages in the business of sourcing and distributing branded down and ladieswear apparels; and non-seasonal apparels, including branded menswear, school uniform, and children's wear. The company provides down apparel products under the Bosideng, Snow Flying, Bengen, etc. brands; ladies wear products under the JESSIE, BUOU BUOU, KOREANO, and KLOVA brands; and school uniforms under the Sameite brand. It also offers network consulting and e-business of down and non-down apparel; logistics and storage services; and brand design and development services, as well as operates as an advertisement agency. As of March 31, 2022, it operated 462 ladieswear retail outlets; 364 self-operated retail outlets; and 98 retail outlets operated by third party distributors. Bosideng International Holdings Limited was founded in 1976 and is based in Central, Hong Kong.",https://www.bosideng.com,11831,23214033000,2971396224,,,,,,
GEO.MI,Geox S.p.A.,125230149,EUR,MIL,0.4845,true,"Geox S.p.A. creates, produces, promotes, and distributes footwear and apparel to retailers and end consumers in Italy, Europe, North America, and internationally. It operates in two segments, Footwear and Apparel. The company offers shoes and apparel under the Geox brand name through multi-brand selling points, mono-brand shops, Geox Shops, and e-commerce channels. As of December 31, 2021, it operated 768 Geox Shops, including 304 franchised stores and 350 directly operated stores. The company is headquartered in Montebelluna, Italy. Geox S.p.A. is a subsidiary of LIR S.r.l.",https://www.geox.biz,2581,719571000,777136680,,,,,,
0330.HK,Esprit Holdings Limited,368006600,HKD,HKSE,0.13,true,"Esprit Holdings Limited, an investment holding company, engages in the retail and wholesale distribution, and licensing of fashion and non-apparel products. The company offers apparels, accessories, lifestyle, and other products for women, men, and kids under the Esprit and edc brand names. It operates through retail stores, wholesale partners, and online platforms. Esprit Holdings Limited was founded in 1968 and is headquartered in North Point, Hong Kong.",https://www.esprit.com/en/company,538,5912000000,756736000,,,,,,
MUL.L,Mulberry Group plc,70648322,GBp,LSE,100.85,true,"Mulberry Group plc, through its subsidiaries, designs and manufactures fashion accessories and clothing in the United Kingdom, Asia Pacific, and internationally. It provides briefcases, messenger bags, and backpacks; wallets, and purses and pouches; sunglasses, scarves, gloves and hats, belts, cufflinks, keyrings, and shoes; jewelry, organisers, leather care, and care products; gifts; and luggage, holdalls, bag, and other travel accessories for men and women, as well as ready-to-wear and eyewear products. The company sells its products through its retail shops, concessions, and wholesale distribution channels under the Mulberry brand, as well as sells its products online. Mulberry Group plc was founded in 1971 and is based in Bath, the United Kingdom. Mulberry Group plc is a subsidiary of Challice Limited.",https://www.mulberry.com,1300,152844000,1910550,,,,,,
VAN.BR,Van de Velde NV,376061521,EUR,EURONEXT,29.35,true,"Van de Velde NV, together with its subsidiaries, designs, develops, manufactures, and markets fashionable luxury lingerie and swimwear for women worldwide. It operates through two segments, Wholesale and Retail. The company offers its products under the PrimaDonna, Marie Jo, Andres Sarda, and Lingerie Styling brands. It also operates retail websites under the name of Rigby & Peller, Lincherie, Andres Sarda, and PrimaDonna; and specialized boutiques and department stores. The company was founded in 1919 and is headquartered in Schellebelle, Belgium. Van de Velde NV is a subsidiary of Van de Velde Holding NV.",https://www.vandevelde.eu,1558,211293000,228196440.00000003,,,,,,
GWI2.DE,GERRY WEBER International AG,24918,EUR,XETRA,0.02,false,"GERRY WEBER International AG operates as a fashion and lifestyle company in Germany and internationally. It operates through three segments, Wholesale, Retail, and E-Commerce. The company engages in the design, production, and trading of ladieswear. It offers T-shirts, knitwear, blouses, blazers, trousers, dresses, skirts, and jackets/coats; and accessories, such as wallets, bags, scarves/shawls, belts, and other accessories, as well as shoes. The company provides its products under the GERRY WEBER, TAIFUN, and SAMOON brand names through retail stores, e-shops, and marketplaces. As of December 31, 2021, it operated 559 retail stores; 210 franchised stores; and 1,410 shop-in-shops. GERRY WEBER International AG was founded in 1973 and is headquartered in Halle, Germany.",https://www.gerryweber.com,2100,313719000,338816520,,,,,,
ATZ.TO,Aritzia Inc.,6424282468,CAD,TSX,57.04,true,"Aritzia Inc., together with its subsidiaries, designs and sells apparels and accessories for women in North America. It offers t-shirts and tops, bodysuits, shirts and blouses, sweaters, jumpsuits and rompers, shirt jackets, skirts, bodysuits, activeware, knitwear, sweatsuits, pants, denims, leggings, bike shorts, dresses, jackets, blazers, jackets and coats, and shoes, as well as accessories, including hats, socks, face masks, intimates, gloves and mittens, belts, scarves, scrunchies, bags, and iphone cases. The company offers its products under the Wilfred, Super World, Babaton, and TNA brands. As of February 27, 2022, it operates approximately 105 boutiques. In addition, it sells its products through online at aritzia.com. The company was formerly known as Aritzia Capital Corporation and changed its name to Aritzia Inc. in August 2016. Aritzia Inc. was founded in 1984 and is headquartered in Vancouver, Canada.",https://www.aritzia.com,8300,2332350000,1718941950,,,,,,
WOSG.L,Watches of Switzerland Group plc,1245764000,GBp,LSE,520.0,true,"Watches of Switzerland Group PLC operates as a retailer of luxury watches. The company offers luxury watches and jewelry; fashion and classic watches and jewelry; and gifts, as well as provides servicing, repairs, and insurance services for fashion and classic watches and jewelry. It operates 131 showrooms in the United Kingdom and 40 showrooms in the United States, as well as through seven transactional websites under the Goldsmiths, Mappin & Webb, Watches of Switzerland, Mayors Jewelers, and Betteridge brands. The company was founded in 1775 and is headquartered in Leicester, the United Kingdom.",https://www.thewosgroupplc.com,2755,1537900000,19223750,,,,,,
MEKKO.HE,Marimekko Oyj,485234064,EUR,HEL,11.96,true,"Marimekko Oyj, a lifestyle design company, designs, manufactures, markets, wholesales, and retails clothing, bags and accessories, and interior decoration products worldwide. The company offers various clothes, such as dresses, tops and tunics, coats and jackets, skirts, trousers, knits, and nightwear and loungewear for women, as well as unisex and kids clothing products. It also provides leather, canvas, shoulder, and handbags, as well as backpacks, purses, and wallets. In addition, the company offers printed fabrics; kitchen and dining products, home decor products, bedding products, and bath and towel products; and accessories, including shoes, hats, scarves, socks, and umbrellas. Further, it is involved in licensing activities. As of March 21, 2022, the company operated a network of approximately 150 Marimekko stores. It also sells its products through online stores. Marimekko Oyj was founded in 1951 and is headquartered in Helsinki, Finland.",https://www.marimekko.com,459,174105000,188033400,,,,,,
AEF.MI,Aeffe S.p.A.,83857658,EUR,MIL,0.852,true,"Aeffe S.p.A. designs, produces, and distributes fashion and luxury goods in Italy, rest of Europe, the United States, Asia, and internationally. It operates in two segments, Prêt-a-Porter, and Footwear and Leather Goods. The Prêt-a-Porter segment designs, produces, and distributes luxury prêt-a-porter garments and lingerie, beachwear, loungewear, underwear, and swimwear for men and women under its own-label brands, which include Alberta Ferretti, Philosophy di Lorenzo Serafini, Moschino, Boutique Moschino, and Love Moschino, as well as brands licensed from other companies. This segment distributes its products through retail and wholesale channels. The Footwear and Leather Goods segment designs, produces, and distributes footwear, small leather goods, bags, and matching accessories under the Pollini brand. This segment also grants licenses to other companies to manufacture Pollini branded products comprising umbrellas, scarves, and ties. The company also licenses the production and distribution of other accessories and products, including perfumes, junior and children's lines, watches, sunglasses, and other products. Aeffe S.p.A. was founded in 1972 and is headquartered in San Giovanni In Marignano, Italy.",https://aeffe.com,1307,329361738,355710677.04,,,,,,
BORG.ST,Björn Borg AB (publ),1345187916,SEK,STO,53.49,true,"Björn Borg AB (publ), together with its subsidiaries, engages in the design, development, production, wholesale, and retail of underwear, sports apparel, footwear, bags, eyewear, and fragrances under the Björn Borg brand. The company operates through Wholesale, Consumer Direct, Distributors, and License segments. It offers underwear for men, women, and kids, as well as pajamas and socks through independent retailers, fashion and sports chains, department stores, Björn Borg stores, and e-commerce sites; and clothing collections for women and men through sports retailers, sports chains, department stores, Björn Borg stores, and e-commerce sites. The company also provides leisure and sports shoes for men and women through independent shoe retailers, shoe and sports chains, department stores, e-tailers, and Björn Borg stores, as well as through www.bjornborg.com; sports bags, backpacks, and suitcases, as well as wallets, gloves, and belts through bag retailers, sports shops, retail chains, department stores, shop-in-shops, Björn Borg stores, and e-commerce sites; and backpacks, gym bags, and duffle bags, as well as wallets, gloves, and belts through luggage and sporting goods shops, retail chains, department stores, shop-in-shops, Björn Borg stores, and e-commerce sites. Further, it offers spectacle frames and sunglasses through the licensee's distribution organizations, fashion stores, department stores, and Björn Borg stores. The company sells its products in Sweden, the Netherlands, Finland, Germany, Belgium, Norway, Denmark, England, Switzerland, the United States, Slovenia, France, and Canada. As of December 31, 2020, it operated 32 Björn Borg stores, including 29 group owned stores. The company was founded in 1984 and is headquartered in Solna, Sweden.",https://www.bjornborg.com,151,872261000,83737056,,,,,,
GFG.DE,Global Fashion Group S.A.,49580130,EUR,XETRA,0.22,true,"Global Fashion Group S.A., together with its subsidiaries, operates e-commerce platforms for fashion and lifestyle markets in Latin America, the Commonwealth of Independent States, Southeast Asia, Australia, and New Zealand. The company offers products for various fashion and lifestyle categories, such as apparel, footwear, accessories, and kids and sportswear. It also provides associated ancillary services, such as marketing, technology, payment, warehousing, and logistics services; trustee, consultancy, and IT services; and wholesale, online retail, and call center services, as well as operates as a general partner and financial holding company. The company operates through four e-commerce platforms, which include Dafiti, Lamoda, ZALORA, and THE ICONIC. Global Fashion Group S.A. was founded in 2011 and is based in Senningerberg, Luxembourg.",https://www.global-fashion-group.com,4140,838000000,905040000,,,,,,
SFL.MI,Safilo Group S.p.A.,403883025,EUR,MIL,0.975,true,"Safilo Group S.p.A. engages in the design, production, wholesale, and retail distribution of products for the eyewear market in North America, Europe, the Asia Pacific, and internationally. Its brand portfolio comprises a set of own branded products, such as optical frames, sunglasses, sports goggles, and helmets, as well as licensed brands,including prescription frames and sunglasses. The company offers its products under own brands comprising Carrera, Polaroid, Safilo, Smith, Blenders Eyewear, and Privé Revaux, as well as Adensco, Chesterfield, Elasta, and Emozioni; and licensed brands, such as Banana Republic, BOSS, Carolina Herrera, Chiara Ferragni, David Beckham, Dsquared2, Fossil, havaianas, HUGO, Isabel Marant, Jimmy Choo, Juicy Couture, Kate Spade, LEVI'S, Liz Claiborne, Marc Jacobs, Missoni, M Missoni, Moschino and Love Moschino, Pierre Cardin, PORTS, rag&bone, Rebecca Minkof, Tommy Hilfiger, Tommy Jeans, Under Armour, and Liz Claiborne brand. It serves opticians, optometrists, ophthalmologists, distribution chains, department stores, specialized retailers, and licensors' own stores, as well as duty free and sports shops. The company sells its products through a network of independent distributor partners. The company was formerly known as Safilo Holding S.p.A. and changed its name to Safilo Group S.p.A. in September 2005. Safilo Group S.p.A. was founded in 1878 and is headquartered in Padua, Italy.",https://www.safilogroup.com,3740,1024732000,1106710560,,,,,,
WOL.VI,Wolford AG,35775082,EUR,VIE,3.74,true,"Wolford Aktiengesellschaft produces and markets skinwear in Austria, Germany, rest of Europe, North America, and Asia. The company's products include legwear; ready-to-wear; beachwear; swimwear; close-fitting products, such as bodies and shirts; and figure-shaping lingerie, as well as dresses and pullovers. It also offers accessories comprising scarves and belts. The company sells its products through 229 monobrand points of sales approximately 2,500 retail partners. In addition, it operates a restaurant under World of Wolford name located in Bregenz, Austria. The company was founded in 1950 and is headquartered in Bregenz, Austria. Wolford Aktiengesellschaft is a subsidiary of FFG Wisdom (Luxembourg) S.à r.l.",https://www.company.wolford.com,877,125514000,135555120,,,,,,
YOU.DE,ABOUT YOU Holding AG,1132827981,EUR,XETRA,6.49,true,"ABOUT YOU Holding AG, a fashion and technology company, operates fashion and lifestyle e-commerce platforms in Europe. It operates through three segments: ABOUT YOU DACH, ABOUT YOU RoE, and TME. The company operates ABOUT YOU app, an online shop for various brands. It also provides B2B e-commerce software solutions; advertising formats for brands; and enabling services, including e-commerce operations and marketing growth services. The company was founded in 2014 and is headquartered in Hamburg, Germany.",https://www.aboutyou.de,1230,1935300000,2090124000.0000002,,,,,,
PPH.JO,Pepkor Holdings Limited,101900861400,ZAc,JNB,2769.0,true,"Pepkor Holdings Limited, together with its subsidiaries, operates as a retailer focusing on discount, value, and specialized goods in Angola, Botswana, eSwatini, Lesotho, Mozambique, Malawi, Namibia, Nigeria, South Africa, and Zambia. The company offers clothing products, general merchandise, household goods, furniture, appliances, consumer electronics, building materials, cellular products and services, financial, and fintech services. As of September 30, 2021, it operated approximately 5,470 stores. The company was formerly known as Steinhoff Africa Retail Limited and changed its name to Pepkor Holdings Limited in August 2018. Pepkor Holdings Limited was founded in 1901 and is based in Cape Town, South Africa. Pepkor Holdings Limited is a subsidiary of Steinhoff International Holdings N.V.",https://www.pepkor.co.za,2400,85136000000,45122080,,,,,,
FOI-B.ST,Fenix Outdoor International AG,9125071077,SEK,STO,681.0,true,"Fenix Outdoor International AG, together with its subsidiaries, develops, manufactures, and sells outdoor products primarily in Switzerland, Sweden, other Nordic countries, Germany, Benelux, other European countries, the Americas, and internationally. The company operates through three segments: Brands, Global Sales, and Frilufts. It offers apparel, daypacks, backpacks, sleeping bags, tents, stoves, bags, outdoor shoes and boots, lanterns, fuel, and accessories. The company sells its products under the Fjällräven, Tierra, Primus, Hanwag, and Royal Robbins brand names through 95 stores in Sweden, Norway, Germany, Finland, Denmark, and the United Kingdom, as well as through Brandretail, the e-com and brand retail shops. Fenix Outdoor International AG was founded in 1960 and is based in Zug, Switzerland.",https://www.fenixoutdoor.se,2972,739639000,71005344,,,,,,
OVS.MI,OVS S.p.A.,810193407,EUR,MIL,3.274,true,"OVS S.p.A. operates as a fashion retailer in Italy and internationally. The company operates through OVS and UPIM segments. Its products include men's wear, women's wear, children's wear, and infant's clothing; table and kitchen ware; accessories; furnishings; toys; perfumes; leather goods; homeware and fragrances; beauty care products; and footwear and toys. The company offers its products under the OVS, OVS KIDS, Upim, Blukids, and CROFF brands. As of January 31, 2022, it operated a network of 2,052 stores, including 831 DOS, 1,107 affiliated stores, and 114 administered stores. The company was founded in 1928 and is headquartered in Mestre, Italy.",https://www.ovscorporate.it,6285,1615076000,1744282080,,,,,,
BOOZT.ST,Boozt AB (publ),7595428249,SEK,STO,116.5,true,"Boozt AB (publ), together with its subsidiaries, sells fashion, apparel, shoes, , accessories, and beauty products online. It operates through three segments: Boozt.com, Booztlet.com, and Other. The company operates Boozt.com, a multi-brand webstore with approximately 1000 brand partners for women, men, kids, sports and athleisure, beauty, and home products. The Booztlet.com operates as a channel for inventory clearance and retailing items that were not sold during their allotted timeframe in the webstores. It also provides clothing, shoes, accessories, sportswear, beauty products, and soft home products. In addition, the company operates physical retail stores under the Booztlet and Beauty by Boozt store names. The company operates in Sweden, Denmark, Norway, Finland, Germany, the United Kingdom, France, the Netherlands, Poland, and other European countries. Boozt AB (publ) was founded in 2007 and is headquartered in Malmö, Sweden.",https://www.booztfashion.com,1170,7755000000,744480000,,,,,,
3612.T,"World Co., Ltd.",88753371160,JPY,JPX,2605.0,true,"World Co., Ltd., through its subsidiaries, plans, manufactures, retails, sells, and imports/exports apparel and fashion products in Japan and internationally. It offers women's apparel and other textile products, and accessories; interior products; jewelry and fashion goods; and men's and women's golf apparel products under the adabat brand. The company also provides leather accessories under the HIROKO HAYASHI and HIROFU brand; engages in franchise business; operates PINK-latte selected brand shops targeting teenagers; and plans, manufactures, imports, and sells business and home use furniture, and life style goods, as well as engages in the business development of the TAKEO KIKUCHI men's brand in Thailand. In addition, it operates life style shops; café shops; off-price stores and EC stores for clothing, household goods, etc.; and select shops for the second-hand designer brand apparels. Further, the company engages in business investment activities; mail order business; provision of solution development and consulting services for companies in fashion-related industries; and provision of consulting services for purchasing activity, and visual merchandising and graphic design services. Additionally, it imports/exports fabrics and raw materials; engages in dyeing, processing, and sales of threads made from wool, cotton, synthetic fiber and chemical fiber, and finished products, as well as uniform business; sewing operation business; and provides administrative operation services for corporate clients, including data processing, accounting, document creation, customer help desk preparations, and reception. The company also provides babies', and children's clothing and related products; women's underwear and shoes; and shoe molds, as well as imports and sells foods and related goods. World Co., Ltd. was founded in 1959 and is headquartered in Kobe, Japan.",https://corp.world.co.jp,7183,221280314395,1504706137.886,,,,,,
4012.SR,Thob Al Aseel Company,1716000000,SAR,SAU,4.29,true,"Thob Al Aseel Company develops, imports, exports, wholesales, and retails fabrics and readymade clothes. It operates through Thobs and Fabrics segments. The company offers thobes, pants, underwear, pajamas, and sleeping robes, as well as miscellaneous products, such as T-shirts, ehram products, and cotton socks. It also sells women's, men's, and children's fabrics and clothing products, as well as sewing supplements. The company operates through a chain of retail outlets under the Al-Jedaie brand. Thob Al Aseel Company was founded in 1970 and is headquartered in Riyadh, Saudi Arabia.",https://www.alaseel.com.sa,,532222366,532222366,,,,,,
LINDEX.HE,Lindex Group Oyj,431533410,EUR,HEL,2.67,true,"Lindex Group Oyj engages in the retailing business in Finland and internationally. The company operates through Lindex and Stockmann segments. It also offers women's clothing, underwear, children's clothing, and cosmetics. In addition, the company operates department stores; and stockmann.com, an online store. Further, it operates department stores, which offer fashion, cosmetics, and home products. The company was formerly known as Stockmann Oyj Abp and changed its name to Lindex Group Oyj in March 2024. Lindex Group Oyj was founded in 1862 and is based in Helsinki, Finland.",https://www.lindex-group.com,6060,,,,,,,,
DLTI.TA,Delta Israel Brands Ltd,1594656728,ILA,TLV,6376.0,true,"Delta Israel Brands Ltd. engages in the design, marketing, and sale of clothing and lingerie products in Israel. It offers lingerie for women, innerwear for men and children, home wear, sleepwear, sports and leisure clothing, children's clothing, socks, and footwear under the Delta and Fix brands. The company sells its products through company operated stores, as well as stores operated by external operators. It also sells its products to large retail chains, private stores, and small chains. The company was incorporated in 2020 and is based in Caesarea, Israel. Delta Israel Brands Ltd. operates as a subsidiary of Delta Galil Industries Ltd.",https://delta-israel.com,1020,945878000,255387060.00000003,,,,,,
RVRC.ST,RVRC Holding AB (publ),4185098513,SEK,STO,39.38,true,"RVRC Holding AB (publ) provides outdoor and active lifestyle apparels in Sweden. It offers pants, jackets, sweaters and mid layers, and base layers apparels, as well as accessories, such as underwear, socks, shoes, hats, beanies, belts, gloves, collars, neck warmers, waterproofing and clothing care products, and other accessories through online stores. RVRC Holding AB (publ) was founded in 2013 and is based in Borås, Sweden.",https://www.revolutionrace.com,132,1840000000,176640000,,,,,,
0709.HK,Giordano International Limited,2585872000,HKD,HKSE,1.6,true,"Giordano International Limited, an investment holding company, engages in the retail and distribution of men's, women's, and children's fashion apparel and accessories worldwide. It operates through two segments, Retail and Distribution; and Wholesales to Overseas Franchisees. The company sells its products under the Giordano, Giordano Junior, Giordano Ladies, BSX, and other owned and licensed brands through its own stores, as well as third party franchisees. As of December 31, 2021, the company operated a network of 2,056 points of sales. Giordano International Limited was founded in 1981 and is based in Kowloon, Hong Kong.",https://www.giordano.com,6800,3873000000,495744000,,,,,,
2368.HK,Eagle Nice (International) Holdings Limited,2388588800,HKD,HKSE,4.16,true,"Eagle Nice (International) Holdings Limited, an investment holding company, manufactures and trades in sportswear and garments in Mainland China, the United States, Europe, Japan, and internationally. Its sportswear, such as down jackets, tracksuits, sweaters, sports pants, etc. Eagle Nice (International) Holdings Limited was founded in 1993 and is headquartered in Kwai Chung, Hong Kong.",https://www.eaglenice.com.hk,18600,4074668000,521557504,,,,,,
SMCP.PA,SMCP S.A.,278291357,EUR,EURONEXT,3.585,true,"SMCP S.A. operates as a ready-to-wear and accessories retail company in France and internationally. It designs, markets, and sells women's wear, men's wear, and accessories. The company sells its products through a network of points of sale and websites under four brands, including Sandro, Maje, Claudie Pierlot, and De Fursac. As of December 31, 2021, it operated 745 points of sales in 42 countries. The company was founded in 1984 and is headquartered in Paris, France. SMCP S.A. is a former subsidiary of Shandong Ruyi Technology Group Co., Ltd.",https://www.smcp.com,6749,1230500000,1328940000,,,,,,
MONTECARLO.NS,Monte Carlo Fashions Limited,14909489715,INR,NSE,719.15,true,"Monte Carlo Fashions Limited engages in manufacturing and trading woolen/cotton readymade apparels under the Monte Carlo brand in India and internationally. The company provides shirts, trousers, denims, Bermudas, lowers, hi-street fashion shirts, tops, dresses, jumpsuits, urban tunics, shrugs, shorts, capris, narrow pants, leggings, track suits, T-shirts, ties, belts, and socks for men, women, and tweens. It also offers home furnishings and kids' apparel. The company sells its products through approximately 298 executive brand outlets, 1777 multiple brand outlets, 622 national chain stores, and 153 shop-in-shop stores, as well as through e-commerce portals. Monte Carlo Fashions Limited was incorporated in 2008 and is based in Ludhiana, India.",https://www.montecarlocorporate.com,2020,10605600000,10605600000,,,,,,
DOLLAR.NS,Dollar Industries Limited,25910750285,INR,NSE,456.85,true,"Dollar Industries Limited manufactures and sells hosiery products in knitted inner wears, casual wears, and thermal wears primarily in India. It offers vests, briefs, trunks, gym wears, socks, tank tops, crew necks, polos, henley, bermudas, capri, track pants, and joggers for men; camisoles, panties, leggings, socks, and casual wears for women; and T-shirts, shorts, track pants, bermudas, capri, socks, and trousers for children, as well as safety mask and PPE suits. The company offers its products under the BigBoss, J-Class, Athleisure, Missy, Champion, Force NXT, Force Gowear, Ultra, Winter care, and Doller Protect brands. It also exports its products in the United Arab Emirates, Oman, Qatar, Kuwait, Bahrain, Yemen, Iraq, Nigeria, Nepal, Myanmar, Jordon, Bangladesh, Georgia, Sri Lanka, and Somalia. Dollar Industries Limited was founded in 1972 and is headquartered in Kolkata, India.",https://www.dollarglobal.in,2160,15722745000,15722745000,,,,,,
LUXIND.NS,Lux Industries Limited,54304979445,INR,NSE,1805.85,true,"Lux Industries Limited manufactures and sells knitwear in India. The company offers vests, briefs, boxers, drawers and trunks, T-shirts, hoodies and sweatshirts, polo and tees, shorts, tracks, tops and bottoms, winter wear, leggings, racer backs, camisole straps, slips, loungers and pyjamas, bras, and panties under the Lux Venus, Lux Classic, Lux Karishma, Lux Touch, GenX, Lux Cozi, Lux Cozi Big Shot, Lux Cott's Wool, Lux Inferno, Lux Mozze, ONN, Lyra, Lux Cozi GLO, Lux Cozi Her, Lux Venus Classic, and One8 for men, women, and kids. It also exports its products to 46 countries worldwide. The company was formerly known as Biswanath Hosiery Mills and changed its name to Lux Industries Limited in 1995. Lux Industries Limited was incorporated in 1957 and is headquartered in Kolkata, India.",https://www.luxinnerwear.com,3364,23143600000,23143600000,,,,,,
LPP.WA,LPP SA,28803412800,PLN,WSE,15520.0,true,"LPP SA designs, manufactures, distributes, and retails clothing for women, men, and children. It offers apparel, accessories, and footwear under the Reserved, Cropp, House, Mohito, and Sinsay brands. The company sells its products through 2,244 stores, as well as through online stores in Poland and internationally. LPP SA was founded in 1989 and is headquartered in Gdansk, Poland.",https://www.lppsa.com,33000,17406200000,17406200000,,,,,,
MAVI.IS,Mavi Giyim Sanayi ve Ticaret A.S.,31323635600,TRY,IST,78.85,true,"Mavi Giyim Sanayi ve Ticaret A.S. engages in the wholesale and retail sale of ready-to-wear denim apparel for men, women, and children. The company offers knit and woven shirts, T-shirts, sweaters, jackets, skirts, dresses, accessories, and denim bottoms. It operates 327 retail stores, 68 franchised stores, and 500 wholesale doors in Turkey; 1 retail store and 800 wholesale doors in Europe; 1,200 wholesale doors in the United States; 4 retail stores and 1,000 wholesale doors in Canada; 19 retail stores, 17 franchised stores, and 125 wholesale doors in Russia; and 20 franchise stores and 25 wholesale doors internationally, as well as e-commerce platforms. Mavi Giyim Sanayi ve Ticaret A.S. was incorporated in 1991 and is based in Istanbul, Turkey.",https://www.mavicompany.com,6366,26293292000,26293292000,,,,,,
6110.HK,Topsports International Holdings Limited,17301403800,HKD,HKSE,2.79,true,"Topsports International Holdings Limited, an investment holding company, engages in the sale of sportswear products in the People's Republic of China. The company is also involved in the leasing of commercial spaces to other retailers for concessionaire sale; provision of information technology services; operation of sports cities business; and trading of sportswear products. As of February 28, 2022, it operated a network of 7,695 directly operated stores. The company also offers its products through e-commerce platform. Topsports International Holdings Limited was founded in 1999 and is headquartered in Kwai Chung, Hong Kong.",https://www.topsports.com.cn,28941,28933200000,3703449600,,,,,,
PMNT,Perfect Moment Ltd. Common Stock,15212255,USD,NASDAQ,0.95,true,"Perfect Moment Ltd., together with its subsidiaries, owns and operates a fashion brand that offers ski, surf, and activewear collections under the brand name of Perfect Moment. It offers skiwear, outerwear, swimwear and activewear for women, men, and children. The company sells its collections directly to customers through e-commerce and to wholesale accounts, as well as through other sales partnerships. Perfect Moment Ltd. was founded in 1984 and is based in London, the United Kingdom.",https://www.perfectmoment.com,39,24443000,24443000,,,,,,
CALN.SW,CALIDA Holding AG,170493767,CHF,SIX,22.6,true,"CALIDA Holding AG engages in apparel business in France, Germany, Switzerland, other Europe, Asia, the United States, and internationally. The company operates through three segments: CALIDA, AUBADE, and LAFUMA MOBILIER. It offers underwear, sleepwear, loungewear, knitwear, and swimwear under the CALIDA brand name; and luxury lingerie under the AUBADE brand. The company also provides clothing and equipment for hiking, travel, and trekking under the LAFUMA Outdoor brand name; and functional equipment for camping, gardening, and leisure under the LAFUMA MOBILIER. It also sells its products through e-shops. The company was founded in 1941 and is headquartered in Sursee, Switzerland.",https://www.calidagroup.com,2360,304428000,347047920,,,,,,
ECK.DE,LUDWIG BECK am Rathauseck - Textilhaus Feldmeier AG,53208000,EUR,XETRA,14.4,true,"LUDWIG BECK am Rathauseck - Textilhaus Feldmeier AG engages in the textile retail business in Germany. It operates through Textile and Non-Textile segments. The company is involved in the wholesale and retail of textiles, clothing, hardware, and other merchandise. It also provides non-textile goods, such as cosmetics, paper products, and sound recording products. In addition, the company offers various cosmetic products through ludwigbeck.de, an online portal. Further, it is involved in the acquisition, holding, and management of investments in real estate companies. The company operates its flagship store at Marienplatz in Munich. It operates its business under the LUDWIG BECK brand name. LUDWIG BECK am Rathauseck - Textilhaus Feldmeier AG was founded in 1861 and is based in Munich, Germany.",https://www.ludwigbeck.de,437,72700000,78516000,,,,,,
NXT.MC,"Nueva Expresión Textil, S.A.",138992052,EUR,BME,0.399,true,"Nueva Expresión Textil, S.A. manufactures and sells fabrics and garments. It also offers jacquards, meshes, rib, lurex, stripes, simplex, and spacer fabrics. The company provides luxury garments; sports garments with seamless technology; swimwear; plain and printed intimate and shapewear with a knitted stitch or structure; and medical fabrics that help to delay and prevent medical procedures. The company was formerly known as Dogi International Fabrics, S.A. Nueva Expresión Textil, S.A. was founded in 1954 and is based in Madrid, Spain.",https://www.nextil.com,255,38921379,42035089.32,,,,,,
